{"stats":{"minecraft:custom":{"minecraft:jump":89,"minecraft:damage_dealt":138,"minecraft:time_since_rest":631,"minecraft:damage_taken":300,"minecraft:crouch_one_cm":29,"minecraft:leave_game":2,"minecraft:play_time":5228,"minecraft:sprint_one_cm":5696,"minecraft:time_since_death":599,"minecraft:walk_one_cm":6956,"minecraft:deaths":1,"minecraft:sneak_time":7,"minecraft:total_world_time":5228,"minecraft:mob_kills":1,"minecraft:fall_one_cm":2299,"minecraft:fly_one_cm":16980},"minecraft:mined":{"minecraft:tall_grass":1,"minecraft:grass":4},"minecraft:killed_by":{"minecraft:zombie":1}},"DataVersion":3465}